[
	{
		"name": "SoMe name",
		"description": "sm description",
		"start_point": 0,
		"loop_point": 3,
		"points": [
			[
				"59.77897906",
				"30.76047615"
			],
			[
				"59.77897906",
				"30.76305107"
			],
			[
				"59.77900070",
				"30.76708511"
			]
		]
	},
	{
		"name": "name",
		"description": "test description",
		"start_point": 0,
		"loop_point": 3,
		"points": [
			[
				"59.78261280",
				"30.76026157"
			],
			[
				"59.78263444",
				"30.76360897"
			],
			[
				"59.78263444",
				"30.76708511"
			],
			[
				"59.78263444",
				"30.77026085"
			]
		]
	},
	{
		"name": "testovlovo",
		"description": "bla bla bla",
		"start_point": 0,
		"loop_point": 3,
		"points": [
			[
				"59.78261280",
				"30.76026157"
			],
			[
				"59.78263444",
				"30.76360897"
			],
			[
				"59.78263444",
				"30.76708511"
			],
			[
				"59.78263444",
				"30.77026085"
			]
		]
	},
	{
		"name": "Psovo",
		"description": "krug",
		"start_point": 0,
		"loop_point": 3,
		"points": [
			[
				"59.78261280",
				"30.76026157"
			],
			[
				"59.78263444",
				"30.76360897"
			],
			[
				"59.78263444",
				"30.76708511"
			],
			[
				"59.78263444",
				"30.77026085"
			]
		]
	},
	{
		"name": "FER",
		"description": "hgr",
		"start_point": 0,
		"loop_point": 3,
		"points": [
			[
				"59.78261280",
				"30.76026157"
			],
			[
				"59.78263444",
				"30.76360897"
			],
			[
				"59.78263444",
				"30.76708511"
			],
			[
				"59.78263444",
				"30.77026085"
			]
		]
	},
	{
		"name": "svsdfvbsdf",
		"description": "123", 
		"start_point": 0,
		"loop_point": 3,
		"tag":"псово",
		"catalog":"дача",
		"points": [
			[
				"59.78261280",
				"30.76026157"
			],
			[
				"59.78263444",
				"30.76360897"
			],
			[
				"59.78263444",
				"30.76708511"
			],
			[
				"59.78263444",
				"30.77026085"
			]
		]
	},
	{
		"name": "qwerty",
		"description": "999",
		"start_point": 0,
		"loop_point": 3,
		"points": [
			[
				"59.77325778",
				"30.74255899"
			],
			[
				"59.77353912",
				"30.74371771"
			],
			[
				"59.77403687",
				"30.74521974"
			],
			[
				"59.77446969",
				"30.74646429"
			],
			[
				"59.77507562",
				"30.74805216"
			],
			[
				"59.77576810",
				"30.74972585"
			],
			[
				"59.77630909",
				"30.75148538"
			],
			[
				"59.77700155",
				"30.75290159"
			],
			[
				"59.77745597",
				"30.75423197"
			],
			[
				"59.77810512",
				"30.75551943"
			],
			[
				"59.77873263",
				"30.75715021"
			],
			[
				"59.77940340",
				"30.75865225"
			],
			[
				"59.78009579",
				"30.76032594"
			],
			[
				"59.78072326",
				"30.76152757"
			],
			[
				"59.78122090",
				"30.76277212"
			],
			[
				"59.78184834",
				"30.76423124"
			],
			[
				"59.78251905",
				"30.76551870"
			],
			[
				"59.78344936",
				"30.76775030"
			],
			[
				"59.78437965",
				"30.76985315"
			],
			[
				"59.78513684",
				"30.77165560"
			],
			[
				"59.78574258",
				"30.77380136"
			],
			[
				"59.78628341",
				"30.77543215"
			]
		]
	}
]